name,age,city
Alice0,30+0,London0
name,age,city
Alice1,30+1,London1
name,age,city
Alice2,30+2,London2
name,age,city
Alice3,30+3,London3
name,age,city
Alice4,30+4,London4
name,age,city
Alice5,30+5,London5
name,age,city
Alice6,30+6,London6
name,age,city
Alice7,30+7,London7
name,age,city
Alice8,30+8,London8
name,age,city
Alice9,30+9,London9
name,age,city
Alice10,30+10,London10
name,age,city
Alice11,30+11,London11
name,age,city
Alice12,30+12,London12
name,age,city
Alice13,30+13,London13
name,age,city
Alice14,30+14,London14
name,age,city
Alice15,30+15,London15
name,age,city
Alice16,30+16,London16
name,age,city
Alice17,30+17,London17
name,age,city
Alice18,30+18,London18
name,age,city
Alice19,30+19,London19
